{
  "cagr": -0.008438584364863888,
  "sharpe": -0.7432820924011408,
  "sortino": -0.09474628688344407,
  "max_drawdown": -0.01480901329046247,
  "calmar": -0.5698275907618123,
  "hit_rate": 0.0069124423963133645,
  "avg_turnover": 0.0038967120927943188,
  "avg_funding_daily": 4.0353299491194964e-05,
  "switches_per_year": 5.995896032831737,
  "avg_regime_duration_days": 81.07142857142857,
  "regime_distribution": {
    "BALANCED": 96.74008810572687,
    "WEAK_RISK_ON_ALTS": 1.762114537444934,
    "WEAK_RISK_ON_MAJORS": 1.4977973568281937
  },
  "total_switches": 12,
  "total_days": 731,
  "regime_evaluation": {
    "horizon_1d": {
      "WEAK_RISK_ON_MAJORS": {
        "mean_return": 0.009595593545449494,
        "std_return": 0.015060420732128887,
        "count": 5,
        "hit_rate": 0.6,
        "t_stat": 1.424687917669501,
        "p_value": 0.22736641982286643
      },
      "WEAK_RISK_ON_ALTS": {
        "mean_return": 0.0008470125352525704,
        "std_return": 0.020829460427263254,
        "count": 19,
        "hit_rate": 0.5263157894736842,
        "t_stat": 0.17725096902873677,
        "p_value": 0.8612905627484913
      },
      "BALANCED": {
        "mean_return": -0.00041690967003029923,
        "std_return": 0.020518257855833142,
        "count": 409,
        "hit_rate": 0.4718826405867971,
        "t_stat": -0.4109255443711408,
        "p_value": 0.6813428680975537
      }
    },
    "horizon_5d": {
      "BALANCED": {
        "mean_return": -5.5953879553100665e-05,
        "std_return": 0.020374234240185796,
        "count": 405,
        "hit_rate": 0.4740740740740741,
        "t_stat": -0.05526833996779695,
        "p_value": 0.9559520059422673
      },
      "WEAK_RISK_ON_MAJORS": {
        "mean_return": -0.007967721317248783,
        "std_return": 0.031522433345987096,
        "count": 5,
        "hit_rate": 0.4,
        "t_stat": -0.5651964204537061,
        "p_value": 0.6021345249068948
      },
      "WEAK_RISK_ON_ALTS": {
        "mean_return": -0.0028066887009580896,
        "std_return": 0.021674151220656534,
        "count": 19,
        "hit_rate": 0.47368421052631576,
        "t_stat": -0.564454510301381,
        "p_value": 0.579411482368795
      }
    },
    "horizon_10d": {
      "WEAK_RISK_ON_ALTS": {
        "mean_return": -1.541883762951879e-05,
        "std_return": 0.01843246682046457,
        "count": 19,
        "hit_rate": 0.47368421052631576,
        "t_stat": -0.003646237679881022,
        "p_value": 0.9971308368521252
      },
      "WEAK_RISK_ON_MAJORS": {
        "mean_return": -0.005453872522722359,
        "std_return": 0.01609681374725257,
        "count": 5,
        "hit_rate": 0.4,
        "t_stat": -0.7576176187978172,
        "p_value": 0.49086059332260135
      },
      "BALANCED": {
        "mean_return": -0.0003563153623729643,
        "std_return": 0.020724492751662042,
        "count": 400,
        "hit_rate": 0.47,
        "t_stat": -0.3438591879112592,
        "p_value": 0.7311333185687279
      }
    },
    "horizon_20d": {
      "BALANCED": {
        "mean_return": -0.0005049728247352687,
        "std_return": 0.02092008587383497,
        "count": 392,
        "hit_rate": 0.4719387755102041,
        "t_stat": -0.4779116062659731,
        "p_value": 0.6329801904490249
      },
      "WEAK_RISK_ON_MAJORS": {
        "mean_return": 0.002923142448635674,
        "std_return": 0.0185997987103527,
        "count": 5,
        "hit_rate": 0.4,
        "t_stat": 0.35142021292017567,
        "p_value": 0.7430031530034178
      },
      "WEAK_RISK_ON_ALTS": {
        "mean_return": 0.002237257909655929,
        "std_return": 0.01688737903866548,
        "count": 17,
        "hit_rate": 0.5294117647058824,
        "t_stat": 0.54623341207298,
        "p_value": 0.5924414199563666
      }
    }
  }
}