{
  "cagr": -0.15135200655366476,
  "sharpe": -0.20399458508004983,
  "sortino": -0.2826435723999526,
  "max_drawdown": -0.9138786954122654,
  "calmar": -0.165614985132559,
  "hit_rate": 0.46774193548387094,
  "avg_turnover": 0.018293115689869632,
  "avg_funding_daily": 0.0005141263419725566
}