{
  "horizon_1d": {
    "regime_stats": {
      "WEAK_RISK_ON_MAJORS": {
        "mean_return": -0.0006506274047774814,
        "std_return": 0.009942545331677132,
        "count": 14,
        "hit_rate": 0.2857142857142857,
        "t_stat": -0.24484925679615457,
        "p_value": 0.8103955837414232
      },
      "WEAK_RISK_ON_ALTS": {
        "mean_return": -0.0009993260007457236,
        "std_return": 0.02211002087209888,
        "count": 15,
        "hit_rate": 0.4666666666666667,
        "t_stat": -0.17505062436211252,
        "p_value": 0.8635462910699023
      },
      "BALANCED": {
        "mean_return": -0.0008708348023026087,
        "std_return": 0.019726056348087856,
        "count": 694,
        "hit_rate": 0.4596541786743516,
        "t_stat": -1.1629880247974749,
        "p_value": 0.2452346657010953
      }
    },
    "edge_stats": {
      "edge_best": 0.0002186091463650926,
      "edge_worst": -0.00013008944960314942,
      "spread_1_5": 0.00034869859596824203,
      "mean_all": -0.000869236551142574,
      "mean_1": -0.0009993260007457234,
      "mean_5": -0.0006506274047774814,
      "n1": 15,
      "n5": 14,
      "n_all": 723,
      "edge_best_pvalue": 0.9266666666666666,
      "edge_best_ci_lower": -0.008166745088277643,
      "edge_best_ci_upper": 0.0024879462473525044,
      "edge_worst_pvalue": 0.97,
      "edge_worst_ci_lower": -0.0091380550188717,
      "edge_worst_ci_upper": 0.009049267533839837,
      "spread_1_5_pvalue": 0.9,
      "spread_1_5_ci_lower": -0.01410716782700926,
      "spread_1_5_ci_upper": 0.007942555815903926
    }
  },
  "horizon_5d": {
    "regime_stats": {
      "BALANCED": {
        "mean_return": -0.0014127217773094738,
        "std_return": 0.019543089575315996,
        "count": 694,
        "hit_rate": 0.4452449567723343,
        "t_stat": -1.9043341366597442,
        "p_value": 0.05728051588767569
      },
      "WEAK_RISK_ON_MAJORS": {
        "mean_return": 0.008380651610961508,
        "std_return": 0.009561483315911449,
        "count": 10,
        "hit_rate": 0.7,
        "t_stat": 2.771740167437757,
        "p_value": 0.021691703810315266
      },
      "WEAK_RISK_ON_ALTS": {
        "mean_return": 0.012920022314115907,
        "std_return": 0.015134130630456795,
        "count": 15,
        "hit_rate": 0.8,
        "t_stat": 3.306369720008739,
        "p_value": 0.005196012446588405
      }
    },
    "edge_stats": {
      "edge_best": 0.009358151002660286,
      "edge_worst": 0.013897521705814686,
      "spread_1_5": -0.0045393707031544,
      "mean_all": -0.0009774993916987775,
      "mean_1": 0.012920022314115908,
      "mean_5": 0.008380651610961508,
      "n1": 15,
      "n5": 10,
      "n_all": 719,
      "edge_best_pvalue": 0.7833333333333333,
      "edge_best_ci_lower": 0.0,
      "edge_best_ci_upper": 0.018165059098306135,
      "edge_worst_pvalue": 0.4866666666666667,
      "edge_worst_ci_lower": 0.00960230482654551,
      "edge_worst_ci_upper": 0.018899054001677195,
      "spread_1_5_pvalue": 0.20333333333333334,
      "spread_1_5_ci_lower": -0.008351058350027835,
      "spread_1_5_ci_upper": 0.004923207987765887
    }
  },
  "horizon_10d": {
    "regime_stats": {
      "WEAK_RISK_ON_MAJORS": {
        "mean_return": 0.005747702483328241,
        "std_return": 0.010095975463985104,
        "count": 5,
        "hit_rate": 0.6,
        "t_stat": 1.2730075972364965,
        "p_value": 0.2719701492815325
      },
      "WEAK_RISK_ON_ALTS": {
        "mean_return": -0.001176884035090839,
        "std_return": 0.018660628272856347,
        "count": 15,
        "hit_rate": 0.3333333333333333,
        "t_stat": -0.24426038618186954,
        "p_value": 0.8105725655092213
      },
      "BALANCED": {
        "mean_return": -0.001065140481710014,
        "std_return": 0.01958434579554439,
        "count": 694,
        "hit_rate": 0.45821325648414984,
        "t_stat": -1.4327735556885093,
        "p_value": 0.15237349800388578
      }
    },
    "edge_stats": {
      "edge_best": 0.006767481534331701,
      "edge_worst": -0.00015710498408737878,
      "spread_1_5": 0.00692458651841908,
      "mean_all": -0.0010197790510034607,
      "mean_1": -0.0011768840350908395,
      "mean_5": 0.005747702483328241,
      "n1": 15,
      "n5": 5,
      "n_all": 714,
      "edge_best_pvalue": 0.52,
      "edge_best_ci_lower": -1.9268866780467475e-05,
      "edge_best_ci_upper": 0.01647708669327668,
      "edge_worst_pvalue": 0.9566666666666667,
      "edge_worst_ci_lower": -0.007011187802060199,
      "edge_worst_ci_upper": 0.0059253365443489425,
      "spread_1_5_pvalue": 0.55,
      "spread_1_5_ci_lower": -0.0035059650990822908,
      "spread_1_5_ci_upper": 0.01923459332552726
    }
  },
  "horizon_20d": {
    "regime_stats": {
      "WEAK_RISK_ON_ALTS": {
        "mean_return": 0.002861449668891285,
        "std_return": 0.01899321985665403,
        "count": 14,
        "hit_rate": 0.5714285714285714,
        "t_stat": 0.5637045414781537,
        "p_value": 0.5825491937460885
      },
      "WEAK_RISK_ON_MAJORS": {
        "mean_return": -0.014360597161774246,
        "std_return": 0.021336113391163758,
        "count": 4,
        "hit_rate": 0.0,
        "t_stat": -1.3461305626283009,
        "p_value": 0.27094239122004504
      },
      "BALANCED": {
        "mean_return": -0.0009624418263525334,
        "std_return": 0.01962336472729117,
        "count": 686,
        "hit_rate": 0.45918367346938777,
        "t_stat": -1.2845856626884824,
        "p_value": 0.1993713507199859
      }
    },
    "edge_stats": {
      "edge_best": -0.013398072749614508,
      "edge_worst": 0.0038239740810510248,
      "spread_1_5": -0.017222046830665534,
      "mean_all": -0.0009625244121597398,
      "mean_1": 0.002861449668891285,
      "mean_5": -0.014360597161774248,
      "n1": 14,
      "n5": 4,
      "n_all": 704,
      "edge_best_pvalue": 0.4766666666666667,
      "edge_best_ci_lower": -0.029044803001231155,
      "edge_best_ci_upper": 0.0,
      "edge_worst_pvalue": 0.5633333333333334,
      "edge_worst_ci_lower": -0.004797973669289895,
      "edge_worst_ci_upper": 0.01071992691182212,
      "spread_1_5_pvalue": 0.48333333333333334,
      "spread_1_5_ci_lower": -0.03493378310665338,
      "spread_1_5_ci_upper": 0.0
    }
  }
}