{
  "cagr": -0.05249445788401397,
  "sharpe": -1.2086419408811184,
  "sortino": -0.813443950490593,
  "max_drawdown": -0.095740584696554,
  "calmar": -0.5482989063665433,
  "hit_rate": 0.08294930875576037,
  "avg_turnover": 0.028001724722546337,
  "avg_funding_daily": 0.00011382583626963438
}