{
  "cagr": -0.05249445788401397,
  "sharpe": -1.2086419408811184,
  "sortino": -0.813443950490593,
  "max_drawdown": -0.095740584696554,
  "calmar": -0.5482989063665433,
  "hit_rate": 0.08294930875576037,
  "avg_turnover": 0.02800172472254633,
  "avg_funding_daily": 0.0001138258362696344,
  "switches_per_year": 46.967852257181946,
  "avg_regime_duration_days": 7.614583333333333,
  "regime_distribution": {
    "WEAK_RISK_ON_ALTS": 7.660738714090288,
    "WEAK_RISK_ON_MAJORS": 18.741450068399455,
    "BALANCED": 73.59781121751026
  },
  "total_switches": 94,
  "total_days": 731,
  "regime_evaluation": {
    "horizon_1d": {
      "regime_stats": {
        "WEAK_RISK_ON_MAJORS": {
          "mean_return": 0.0015507544129981065,
          "std_return": 0.01973547293596867,
          "count": 137,
          "hit_rate": 0.48175182481751827,
          "t_stat": 0.9197202974693293,
          "p_value": 0.35934736412090906
        },
        "BALANCED": {
          "mean_return": -0.0016789263829893916,
          "std_return": 0.01968655294740684,
          "count": 530,
          "hit_rate": 0.44528301886792454,
          "t_stat": -1.9633598669690102,
          "p_value": 0.050127801993552934
        },
        "WEAK_RISK_ON_ALTS": {
          "mean_return": 0.0008735643201349275,
          "std_return": 0.018329537558229133,
          "count": 56,
          "hit_rate": 0.5,
          "t_stat": 0.3566460289433286,
          "p_value": 0.7227214601086875
        }
      },
      "edge_stats": {
        "edge_best": 0.0024199909641406804,
        "edge_worst": 0.0017428008712775014,
        "spread_1_5": 0.0006771900928631791,
        "mean_all": -0.000869236551142574,
        "mean_1": 0.0008735643201349274,
        "mean_5": 0.0015507544129981065,
        "n1": 56,
        "n5": 137,
        "n_all": 723,
        "edge_best_pvalue": 0.48333333333333334,
        "edge_best_ci_lower": -0.00021586893216783703,
        "edge_best_ci_upper": 0.005048490968139728,
        "edge_worst_pvalue": 0.63,
        "edge_worst_ci_lower": -0.002742966754352632,
        "edge_worst_ci_upper": 0.006959835476126706,
        "spread_1_5_pvalue": 0.8,
        "spread_1_5_ci_lower": -0.004829365998989918,
        "spread_1_5_ci_upper": 0.005702236278712087
      }
    },
    "horizon_5d": {
      "regime_stats": {
        "WEAK_RISK_ON_ALTS": {
          "mean_return": -0.0008965788949153538,
          "std_return": 0.022921702066054952,
          "count": 56,
          "hit_rate": 0.5,
          "t_stat": -0.29270872078506394,
          "p_value": 0.7708462750494545
        },
        "WEAK_RISK_ON_MAJORS": {
          "mean_return": -0.00030398583047849207,
          "std_return": 0.019526293484412597,
          "count": 135,
          "hit_rate": 0.42962962962962964,
          "t_stat": -0.18088410786195575,
          "p_value": 0.8567318399428059
        },
        "BALANCED": {
          "mean_return": -0.0011582870405332669,
          "std_return": 0.019114441997999897,
          "count": 528,
          "hit_rate": 0.4583333333333333,
          "t_stat": -1.392424108998365,
          "p_value": 0.16438123008175842
        }
      },
      "edge_stats": {
        "edge_best": 0.0006735135612202856,
        "edge_worst": 8.092049678342273e-05,
        "spread_1_5": 0.0005925930644368628,
        "mean_all": -0.0009774993916987775,
        "mean_1": -0.0008965788949153548,
        "mean_5": -0.00030398583047849196,
        "n1": 56,
        "n5": 135,
        "n_all": 719,
        "edge_best_pvalue": 0.6833333333333333,
        "edge_best_ci_lower": -0.001744823183839916,
        "edge_best_ci_upper": 0.002836328028730154,
        "edge_worst_pvalue": 0.9866666666666667,
        "edge_worst_ci_lower": -0.007193132758105619,
        "edge_worst_ci_upper": 0.0064292315941405585,
        "spread_1_5_pvalue": 0.9066666666666666,
        "spread_1_5_ci_lower": -0.006901160150678821,
        "spread_1_5_ci_upper": 0.008663450529837274
      }
    },
    "horizon_10d": {
      "regime_stats": {
        "WEAK_RISK_ON_ALTS": {
          "mean_return": -0.0013770541775648508,
          "std_return": 0.017258676326515426,
          "count": 56,
          "hit_rate": 0.48214285714285715,
          "t_stat": -0.5970869188336804,
          "p_value": 0.5528995529615557
        },
        "WEAK_RISK_ON_MAJORS": {
          "mean_return": 0.004028151763435574,
          "std_return": 0.023355684252261498,
          "count": 134,
          "hit_rate": 0.5373134328358209,
          "t_stat": 1.9964830543854435,
          "p_value": 0.04792303409316934
        },
        "BALANCED": {
          "mean_return": -0.0022724800472771114,
          "std_return": 0.018455418100508734,
          "count": 524,
          "hit_rate": 0.43320610687022904,
          "t_stat": -2.818654427635686,
          "p_value": 0.005005231033852642
        }
      },
      "edge_stats": {
        "edge_best": 0.005047930814439036,
        "edge_worst": -0.00035727512656138984,
        "spread_1_5": 0.005405205941000426,
        "mean_all": -0.0010197790510034607,
        "mean_1": -0.0013770541775648506,
        "mean_5": 0.004028151763435575,
        "n1": 56,
        "n5": 134,
        "n_all": 714,
        "edge_best_pvalue": 0.49666666666666665,
        "edge_best_ci_lower": 0.0021347722186733373,
        "edge_best_ci_upper": 0.0081859200018011,
        "edge_worst_pvalue": 0.8233333333333334,
        "edge_worst_ci_lower": -0.004154280044324571,
        "edge_worst_ci_upper": 0.003849847659480405,
        "spread_1_5_pvalue": 0.4666666666666667,
        "spread_1_5_ci_lower": 0.0005688773889424382,
        "spread_1_5_ci_upper": 0.010658637693289818
      }
    },
    "horizon_20d": {
      "regime_stats": {
        "BALANCED": {
          "mean_return": -0.0011272214547985125,
          "std_return": 0.019110833979351614,
          "count": 514,
          "hit_rate": 0.4591439688715953,
          "t_stat": -1.3372455645342274,
          "p_value": 0.18173511304190626
        },
        "WEAK_RISK_ON_ALTS": {
          "mean_return": -0.0019649126914820935,
          "std_return": 0.019434826529661515,
          "count": 56,
          "hit_rate": 0.39285714285714285,
          "t_stat": -0.7565830418119907,
          "p_value": 0.45252848656207467
        },
        "WEAK_RISK_ON_MAJORS": {
          "mean_return": 8.813248006698327e-05,
          "std_return": 0.02166096249638906,
          "count": 134,
          "hit_rate": 0.48507462686567165,
          "t_stat": 0.047098886545963975,
          "p_value": 0.9625050639062751
        }
      },
      "edge_stats": {
        "edge_best": 0.0010506568922267231,
        "edge_worst": -0.0010023882793223542,
        "spread_1_5": 0.0020530451715490773,
        "mean_all": -0.0009625244121597398,
        "mean_1": -0.001964912691482094,
        "mean_5": 8.813248006698342e-05,
        "n1": 56,
        "n5": 134,
        "n_all": 704,
        "edge_best_pvalue": 0.5633333333333334,
        "edge_best_ci_lower": -0.00176964394267641,
        "edge_best_ci_upper": 0.004678342780604643,
        "edge_worst_pvalue": 0.6733333333333333,
        "edge_worst_ci_lower": -0.006503862569317941,
        "edge_worst_ci_upper": 0.003282838410900866,
        "spread_1_5_pvalue": 0.5766666666666667,
        "spread_1_5_ci_lower": -0.003061864006927513,
        "spread_1_5_ci_upper": 0.008394756427015895
      }
    }
  }
}