{
  "cagr": -0.059312012429319605,
  "sharpe": -1.354675662386016,
  "sortino": -1.0557668011163137,
  "max_drawdown": -0.10623098369647403,
  "calmar": -0.5583306335446111,
  "hit_rate": 0.08986175115207373,
  "avg_turnover": 0.02420703557865486,
  "avg_funding_daily": 8.017790021154604e-05,
  "switches_per_year": 45.968536251709985,
  "avg_regime_duration_days": 7.776595744680851,
  "regime_distribution": {
    "WEAK_RISK_ON_ALTS": 8.071135430916552,
    "BALANCED": 70.31463748290014,
    "WEAK_RISK_ON_MAJORS": 21.61422708618331
  },
  "total_switches": 92,
  "total_days": 731,
  "regime_evaluation": {
    "horizon_1d": {
      "regime_stats": {
        "WEAK_RISK_ON_MAJORS": {
          "mean_return": -0.0007148570089066246,
          "std_return": 0.017385400436470633,
          "count": 156,
          "hit_rate": 0.46153846153846156,
          "t_stat": -0.5135666107980909,
          "p_value": 0.6082863234341267
        },
        "WEAK_RISK_ON_ALTS": {
          "mean_return": -0.0012293131792329452,
          "std_return": 0.024646183929943905,
          "count": 59,
          "hit_rate": 0.4915254237288136,
          "t_stat": -0.38312355885617494,
          "p_value": 0.7030287886046449
        },
        "BALANCED": {
          "mean_return": -0.0008748245187242201,
          "std_return": 0.019646611609622746,
          "count": 508,
          "hit_rate": 0.4507874015748031,
          "t_stat": -1.0036103765102224,
          "p_value": 0.31604519400926323
        }
      },
      "edge_stats": {
        "edge_best": 0.00015437954223594913,
        "edge_worst": -0.00036007662809037146,
        "spread_1_5": 0.0005144561703263206,
        "mean_all": -0.000869236551142574,
        "mean_1": -0.0012293131792329454,
        "mean_5": -0.0007148570089066248,
        "n1": 59,
        "n5": 156,
        "n_all": 723,
        "edge_best_pvalue": 0.94,
        "edge_best_ci_lower": -0.0029226177261652848,
        "edge_best_ci_upper": 0.00278505945278843,
        "edge_worst_pvalue": 0.8733333333333333,
        "edge_worst_ci_lower": -0.004735626994039514,
        "edge_worst_ci_upper": 0.005605238885139737,
        "spread_1_5_pvalue": 0.8633333333333333,
        "spread_1_5_ci_lower": -0.006217864617634785,
        "spread_1_5_ci_upper": 0.0059747476495107515
      }
    },
    "horizon_5d": {
      "regime_stats": {
        "WEAK_RISK_ON_MAJORS": {
          "mean_return": -0.000670043122269059,
          "std_return": 0.016434611343560713,
          "count": 152,
          "hit_rate": 0.4473684210526316,
          "t_stat": -0.502649331847667,
          "p_value": 0.615943137038466
        },
        "BALANCED": {
          "mean_return": -0.0009182315232047944,
          "std_return": 0.01954026247413319,
          "count": 508,
          "hit_rate": 0.46062992125984253,
          "t_stat": -1.059140709945658,
          "p_value": 0.2900400298742831
        },
        "WEAK_RISK_ON_ALTS": {
          "mean_return": -0.002279896512855738,
          "std_return": 0.02563952678815882,
          "count": 59,
          "hit_rate": 0.4406779661016949,
          "t_stat": -0.6830164047095456,
          "p_value": 0.4973157821870977
        }
      },
      "edge_stats": {
        "edge_best": 0.00030745626942971856,
        "edge_worst": -0.0013023971211569617,
        "spread_1_5": 0.0016098533905866803,
        "mean_all": -0.0009774993916987775,
        "mean_1": -0.0022798965128557392,
        "mean_5": -0.000670043122269059,
        "n1": 59,
        "n5": 152,
        "n_all": 719,
        "edge_best_pvalue": 0.7766666666666666,
        "edge_best_ci_lower": -0.002017629565823456,
        "edge_best_ci_upper": 0.002809432437508797,
        "edge_worst_pvalue": 0.6633333333333333,
        "edge_worst_ci_lower": -0.007327211022045568,
        "edge_worst_ci_upper": 0.004713586651670536,
        "spread_1_5_pvalue": 0.6733333333333333,
        "spread_1_5_ci_lower": -0.005119554388150009,
        "spread_1_5_ci_upper": 0.00791524318568482
      }
    },
    "horizon_10d": {
      "regime_stats": {
        "BALANCED": {
          "mean_return": -0.0017636868577560769,
          "std_return": 0.01975678347904426,
          "count": 505,
          "hit_rate": 0.4415841584158416,
          "t_stat": -2.0060923763733802,
          "p_value": 0.04538023808067626
        },
        "WEAK_RISK_ON_MAJORS": {
          "mean_return": 0.0020771904061691842,
          "std_return": 0.01926734254714484,
          "count": 150,
          "hit_rate": 0.5066666666666667,
          "t_stat": 1.3203835924101068,
          "p_value": 0.18873162591384185
        },
        "WEAK_RISK_ON_ALTS": {
          "mean_return": -0.002526083731780167,
          "std_return": 0.017330180277092794,
          "count": 59,
          "hit_rate": 0.4576271186440678,
          "t_stat": -1.119620050390974,
          "p_value": 0.2674908935259097
        }
      },
      "edge_stats": {
        "edge_best": 0.003096969457172645,
        "edge_worst": -0.0015063046807767063,
        "spread_1_5": 0.004603274137949351,
        "mean_all": -0.0010197790510034607,
        "mean_1": -0.002526083731780167,
        "mean_5": 0.0020771904061691842,
        "n1": 59,
        "n5": 150,
        "n_all": 714,
        "edge_best_pvalue": 0.5566666666666666,
        "edge_best_ci_lower": 0.00044973456828652767,
        "edge_best_ci_upper": 0.006076052843829905,
        "edge_worst_pvalue": 0.5733333333333334,
        "edge_worst_ci_lower": -0.006706393238783188,
        "edge_worst_ci_upper": 0.0036236111205153517,
        "spread_1_5_pvalue": 0.47333333333333333,
        "spread_1_5_ci_lower": -0.0017995205382381947,
        "spread_1_5_ci_upper": 0.010175090738082797
      }
    },
    "horizon_20d": {
      "regime_stats": {
        "WEAK_RISK_ON_ALTS": {
          "mean_return": 0.0001142852155561325,
          "std_return": 0.018752291479639003,
          "count": 59,
          "hit_rate": 0.4406779661016949,
          "t_stat": 0.046812486808152656,
          "p_value": 0.9628234932451116
        },
        "BALANCED": {
          "mean_return": -0.0010240296573134661,
          "std_return": 0.019618876369113903,
          "count": 495,
          "hit_rate": 0.4686868686868687,
          "t_stat": -1.1612908485317435,
          "p_value": 0.24608445880085883
        },
        "WEAK_RISK_ON_MAJORS": {
          "mean_return": -0.0011831022233873532,
          "std_return": 0.020090652202003727,
          "count": 150,
          "hit_rate": 0.43333333333333335,
          "t_stat": -0.7212301352173784,
          "p_value": 0.4718980920583391
        }
      },
      "edge_stats": {
        "edge_best": -0.0002205778112276132,
        "edge_worst": 0.0010768096277158723,
        "spread_1_5": -0.0012973874389434854,
        "mean_all": -0.0009625244121597398,
        "mean_1": 0.0001142852155561325,
        "mean_5": -0.001183102223387353,
        "n1": 59,
        "n5": 150,
        "n_all": 704,
        "edge_best_pvalue": 0.8733333333333333,
        "edge_best_ci_lower": -0.0024096604514081492,
        "edge_best_ci_upper": 0.002526687525034127,
        "edge_worst_pvalue": 0.6266666666666667,
        "edge_worst_ci_lower": -0.0025292552832269256,
        "edge_worst_ci_upper": 0.00464531659652805,
        "spread_1_5_pvalue": 0.6066666666666667,
        "spread_1_5_ci_lower": -0.005965703019439364,
        "spread_1_5_ci_upper": 0.0035097531933185834
      }
    }
  }
}