{
  "horizon_1d": {
    "BALANCED": {
      "mean_return": -0.00026835555038385905,
      "std_return": 0.020787549094711446,
      "count": 391,
      "hit_rate": 0.47570332480818417,
      "t_stat": -0.25526758694140755,
      "p_value": 0.7986509971609324
    },
    "WEAK_RISK_ON_MAJORS": {
      "mean_return": -0.0024413054890329803,
      "std_return": 0.01139087074496966,
      "count": 19,
      "hit_rate": 0.42105263157894735,
      "t_stat": -0.9342046060618564,
      "p_value": 0.3625623944840619
    },
    "WEAK_RISK_ON_ALTS": {
      "mean_return": 0.0019507380585378014,
      "std_return": 0.021253234380329503,
      "count": 23,
      "hit_rate": 0.5217391304347826,
      "t_stat": 0.44018763955852996,
      "p_value": 0.6640956832914093
    }
  },
  "horizon_5d": {
    "WEAK_RISK_ON_ALTS": {
      "mean_return": 0.0013658963977748202,
      "std_return": 0.02130523502289205,
      "count": 23,
      "hit_rate": 0.5652173913043478,
      "t_stat": 0.3074647613597912,
      "p_value": 0.7613814035946573
    },
    "BALANCED": {
      "mean_return": -0.00036697358040794164,
      "std_return": 0.020825701286191985,
      "count": 387,
      "hit_rate": 0.46770025839793283,
      "t_stat": -0.3466495548695287,
      "p_value": 0.7290435056502855
    },
    "WEAK_RISK_ON_MAJORS": {
      "mean_return": -0.0002749397186526767,
      "std_return": 0.013141361685630737,
      "count": 19,
      "hit_rate": 0.47368421052631576,
      "t_stat": -0.09119560650118444,
      "p_value": 0.9283443831247828
    }
  },
  "horizon_10d": {
    "WEAK_RISK_ON_MAJORS": {
      "mean_return": 0.0020456374063179323,
      "std_return": 0.014194096058615182,
      "count": 19,
      "hit_rate": 0.47368421052631576,
      "t_stat": 0.6281996889724066,
      "p_value": 0.5377629818273388
    },
    "WEAK_RISK_ON_ALTS": {
      "mean_return": 0.0022021416139396256,
      "std_return": 0.019382944692396643,
      "count": 23,
      "hit_rate": 0.4782608695652174,
      "t_stat": 0.5448656196740432,
      "p_value": 0.5913271318962146
    },
    "BALANCED": {
      "mean_return": -0.0006795938044984568,
      "std_return": 0.020902507174955585,
      "count": 382,
      "hit_rate": 0.468586387434555,
      "t_stat": -0.6354519419616135,
      "p_value": 0.5255151675497371
    }
  },
  "horizon_20d": {
    "BALANCED": {
      "mean_return": -0.0011037166695823408,
      "std_return": 0.020670111778315667,
      "count": 372,
      "hit_rate": 0.45698924731182794,
      "t_stat": -1.0298791041569955,
      "p_value": 0.30373769678524987
    },
    "WEAK_RISK_ON_MAJORS": {
      "mean_return": 0.011611733944035588,
      "std_return": 0.023553385869846098,
      "count": 19,
      "hit_rate": 0.6842105263157895,
      "t_stat": 2.148921395039449,
      "p_value": 0.04549379080220928
    },
    "WEAK_RISK_ON_ALTS": {
      "mean_return": 0.0019417132851764528,
      "std_return": 0.016092344594512042,
      "count": 23,
      "hit_rate": 0.5652173913043478,
      "t_stat": 0.5786683057644714,
      "p_value": 0.568690577343816
    }
  }
}