horizon,edge_best,edge_worst,spread_1_5,n1,n5,n_all,mean_all,mean_1,mean_5,edge_best_pvalue,edge_best_ci_lower,edge_best_ci_upper,edge_worst_pvalue,edge_worst_ci_lower,edge_worst_ci_upper,spread_1_5_pvalue,spread_1_5_ci_lower,spread_1_5_ci_upper
5,-0.003836345855316001,0.004094044402100421,-0.007930390257416422,113,89,360,0.005515337003603579,0.009609381405704,0.001678991148287578,0.54,-0.015897250038028977,0.0065475115881758325,0.55,-0.009383286253872851,0.013890606209959156,0.49666666666666665,-0.02671892838374816,0.014439514876625134
10,0.002730284814824008,0.0015412586935778638,0.0011890261212461443,113,86,355,0.011310755630327898,0.012852014323905762,0.014041040445151906,0.7933333333333333,-0.014628914230589072,0.02585761602269163,0.8633333333333333,-0.018383480199046547,0.013774612948796791,0.94,-0.026373553308539827,0.040185843453699854
20,0.004652082070965222,-0.009277812120941201,0.013929894191906423,112,85,345,0.02384849952695187,0.014570687406010668,0.02850058159791709,0.7533333333333333,-0.01974722378632563,0.03362900492582312,0.5433333333333333,-0.03233394625275139,0.009044183638383937,0.5866666666666667,-0.022268734151627115,0.05415378923604979
40,-0.01585463477742023,0.002737293366704925,-0.018591928144125153,112,81,325,0.04089453694166826,0.043631830308373185,0.02503990216424803,0.5133333333333333,-0.047411751000068295,0.023963700453409623,0.84,-0.03360012011015903,0.035173997231520135,0.6,-0.07533142334295706,0.052195248888314436
60,-0.022773029029489945,0.02223674888261059,-0.045009777912100535,104,81,305,0.05716404982809744,0.07940079871070803,0.034391020798607494,0.55,-0.06469122727640554,0.028017660379989835,0.5633333333333334,-0.020042149677742847,0.07148467398563627,0.5466666666666666,-0.128708127404887,0.043875807504002905
