label,count,mean_y,median_y,std_y,hit_rate
Red,1,0.0,0.0,,0.0
Green,1,0.06265922612611266,0.06265922612611266,,0.0
