{
  "optimal_threshold_apr": 5.302799104902961,
  "peak_cumulative_return_pct": 69.59672116631901
}