label,count,mean_y,median_y,std_y,hit_rate
Red,28,-0.0018081532479841324,0.0,0.025587183544852937,0.4642857142857143
Orange,27,-0.006443365502860073,0.0,0.03264361201169323,0.37037037037037035
Yellow,28,0.015856436655597175,0.018483251829534218,0.03355479493863912,0.25
YellowGreen,27,0.014223723603625877,0.0,0.047238171183694264,0.25925925925925924
Green,28,0.005130176170621124,0.0,0.05126239922204993,0.21428571428571427
