horizon,edge_best,edge_worst,spread_1_5,n1,n5,n_all,mean_all,mean_1,mean_5,edge_best_pvalue,edge_best_ci_lower,edge_best_ci_upper,edge_worst_pvalue,edge_worst_ci_lower,edge_worst_ci_upper,spread_1_5_pvalue,spread_1_5_ci_lower,spread_1_5_ci_upper
5,-0.0021717386525251987,0.0016581418496435262,-0.003829880502168725,190,133,666,0.003035518269511217,0.004693660119154743,0.000863779616986018,0.7,-0.011422798946523652,0.008160542490020632,0.78,-0.009037486870750315,0.011309775224484436,0.72,-0.019513777762306634,0.015086333562078296
10,0.004838216314567427,0.00525179472420334,-0.00041357840963591325,190,130,661,0.006293813957003177,0.011545608681206517,0.011132030271570604,0.65,-0.01311523481840684,0.02275709820125339,0.6133333333333333,-0.00958650728231384,0.017742485641928155,0.9766666666666667,-0.027430398944258545,0.025679286349232888
20,-0.0010216598545613464,0.01059808353644582,-0.011619743391007166,189,129,651,0.01260263153626142,0.02320071507270724,0.011580971681700074,0.9433333333333334,-0.02629482394056846,0.02421664116154151,0.5633333333333334,-0.006889121495560124,0.02988292927499148,0.6066666666666667,-0.04959867376610826,0.022090069636047507
40,-0.009643228080540692,0.014507843716424104,-0.024151071796964796,189,125,631,0.02489239721105289,0.039400240927476994,0.015249169130512198,0.6333333333333333,-0.041209899473205656,0.02359721784880816,0.52,-0.012903539146287188,0.039636590877964215,0.52,-0.06755240800445253,0.028390391846114513
60,0.0004492451775502948,0.022187269543881227,-0.021738024366330932,181,125,611,0.03524303161972305,0.05743030116360428,0.035692276797273347,0.9833333333333333,-0.04547092495696844,0.04853053863964451,0.5266666666666666,-0.010063483413924042,0.057353940828901134,0.6366666666666667,-0.09598374012852058,0.046842737841947125
