window_id,n_events,mean_return,lower_ci_95,upper_ci_95,median_return,hit_rate,wilcoxon_stat,wilcoxon_pval
pre_60_30,6,-0.0510283529162914,-0.1847245647949171,0.0826678589623343,-0.043894717757355484,0.3333333333333333,3.0,0.625
pre_30_14,6,0.15379701430027978,-0.21342129473565938,0.4909497410026651,0.18386259663383364,0.5,3.0,0.625
pre_14_0,6,-0.24978314400588048,-0.40768293508744097,-0.07952444942928852,-0.26214204750091197,0.0,0.0,0.125
event_0_7,6,-0.15002976314214728,-0.3082718690160658,0.008212342731771238,-0.16818802879439876,0.16666666666666666,2.0,0.375
event_0_14,6,-0.26408590573395063,-0.32531590380086683,-0.20285590766703443,-0.26879786199916866,0.0,0.0,0.125
event_0_30,6,-0.26797442888869816,-0.4631666142245068,-0.07278224355288959,-0.23287964924991422,0.0,0.0,0.125
