{
  "n_weeks": 102,
  "overall": {
    "pearson": 0.09731309891780514,
    "spearman": 0.2144799859768958,
    "mean_y": 0.005730903478181256,
    "hit_rate_negative_y": 0.43137254901960786
  },
  "by_regime": {
    "1": {
      "n": 21,
      "pearson": 0.06366191611125495,
      "spearman": 0.025974025974025972,
      "mean_y": 0.01269676239186565,
      "hit_rate_negative_y": 0.42857142857142855
    },
    "2": {
      "n": 20,
      "pearson": 0.5106626439490647,
      "spearman": 0.6842105263157895,
      "mean_y": 0.021984327239704123,
      "hit_rate_negative_y": 0.45
    },
    "3": {
      "n": 20,
      "pearson": 0.08824148324399082,
      "spearman": 0.29172932330827067,
      "mean_y": -0.006055228953659715,
      "hit_rate_negative_y": 0.45
    },
    "4": {
      "n": 20,
      "pearson": -0.2383571977081817,
      "spearman": 0.03458646616541353,
      "mean_y": -0.017458108953318997,
      "hit_rate_negative_y": 0.5
    }
  }
}