{
  "horizon_1d": {
    "WEAK_RISK_ON_MAJORS": {
      "mean_return": -0.008939579227637256,
      "std_return": 0.01746305715809139,
      "count": 10,
      "hit_rate": 0.1,
      "t_stat": -1.618813442969471,
      "p_value": 0.13994051265643082
    },
    "BALANCED": {
      "mean_return": -0.017472973063722544,
      "std_return": 0.014445509990461744,
      "count": 40,
      "hit_rate": 0.025,
      "t_stat": -7.650043842359001,
      "p_value": 2.791680220326498e-09
    },
    "WEAK_RISK_ON_ALTS": {
      "mean_return": -0.010240931825685048,
      "std_return": 0.005818674560116856,
      "count": 11,
      "hit_rate": 0.0,
      "t_stat": -5.83729645273794,
      "p_value": 0.00016441476524775567
    }
  },
  "horizon_5d": {
    "WEAK_RISK_ON_ALTS": {
      "mean_return": -0.012782592945657962,
      "std_return": 0.006758183021073957,
      "count": 11,
      "hit_rate": 0.0,
      "t_stat": -6.273145387804867,
      "p_value": 9.223775117339628e-05
    },
    "WEAK_RISK_ON_MAJORS": {
      "mean_return": -0.02842849264658227,
      "std_return": 0.022926044213727993,
      "count": 10,
      "hit_rate": 0.0,
      "t_stat": -3.9212515848991187,
      "p_value": 0.0035042990275311325
    },
    "BALANCED": {
      "mean_return": -0.01219064677625984,
      "std_return": 0.011223304890282254,
      "count": 36,
      "hit_rate": 0.027777777777777776,
      "t_stat": -6.517142799968927,
      "p_value": 1.6186629325787294e-07
    }
  },
  "horizon_10d": {
    "WEAK_RISK_ON_MAJORS": {
      "mean_return": -0.009919076180937927,
      "std_return": 0.02242497723760352,
      "count": 7,
      "hit_rate": 0.14285714285714285,
      "t_stat": -1.1702758282518826,
      "p_value": 0.28626473466931124
    },
    "BALANCED": {
      "mean_return": -0.0169630502813181,
      "std_return": 0.015476771922524701,
      "count": 34,
      "hit_rate": 0.0,
      "t_stat": -6.390914764095893,
      "p_value": 3.067285110347484e-07
    },
    "WEAK_RISK_ON_ALTS": {
      "mean_return": -0.014135745725367797,
      "std_return": 0.0060085122813283865,
      "count": 11,
      "hit_rate": 0.0,
      "t_stat": -7.802757572553406,
      "p_value": 1.4642955817212311e-05
    }
  },
  "horizon_20d": {
    "WEAK_RISK_ON_MAJORS": {
      "mean_return": -0.035898743802887004,
      "std_return": 0.0008666198639059233,
      "count": 2,
      "hit_rate": 0.0,
      "t_stat": -58.58219096130841,
      "p_value": 0.01086606592697592
    },
    "BALANCED": {
      "mean_return": -0.013117225574975524,
      "std_return": 0.013662293707475813,
      "count": 29,
      "hit_rate": 0.034482758620689655,
      "t_stat": -5.17031935091181,
      "p_value": 1.7410365969805497e-05
    },
    "WEAK_RISK_ON_ALTS": {
      "mean_return": -0.021655786137064488,
      "std_return": 0.020451216889674446,
      "count": 11,
      "hit_rate": 0.0,
      "t_stat": -3.5119727859854613,
      "p_value": 0.005613137458341688
    }
  }
}